"#","Reference","Qty","Description","Footprint","Type","Value","Datasheet","DNP"
"1","C1","1","Unpolarized capacitor","Capacitor_SMD:C_0402_1005Metric","SMD","10u","~",""
"2","C2","1","Unpolarized capacitor","Capacitor_SMD:C_0603_1608Metric","SMD","0.1u","~",""
"3","C3","1","Unpolarized capacitor","Capacitor_SMD:C_1210_3225Metric","SMD","22u","~",""
"4","C4","1","Unpolarized capacitor","Capacitor_SMD:C_1210_3225Metric","SMD","22u","~",""
"5","C5","1","Unpolarized capacitor","Capacitor_SMD:C_0402_1005Metric","SMD","1u","~",""
"6","C6","1","Unpolarized capacitor","Capacitor_SMD:C_0402_1005Metric","SMD","1uf","~",""
"7","C7","1","Unpolarized capacitor","Capacitor_SMD:C_0402_1005Metric","SMD","10u","~",""
"8","C8","1","Unpolarized capacitor","Capacitor_SMD:C_0603_1608Metric","SMD","0.1u","~",""
"9","C9","1","Unpolarized capacitor","Capacitor_SMD:C_0603_1608Metric","SMD","0.1u","~",""
"10","C11","1","Unpolarized capacitor","Capacitor_SMD:C_0402_1005Metric","SMD","1u","~",""
"11","C12","1","Unpolarized capacitor","Capacitor_SMD:C_0402_1005Metric","SMD","1u","~",""
"12","C13","1","Unpolarized capacitor","Capacitor_SMD:C_0402_1005Metric","SMD","1u","~",""
"13","C14","1","Unpolarized capacitor","Capacitor_SMD:C_0402_1005Metric","SMD","1u","~",""
"14","D1","1","Light emitting diode","LED_SMD:LED_0805_2012Metric_Pad1.15x1.40mm_HandSolder","SMD","LED","~",""
"15","D6","1","Light emitting diode","LED_SMD:LED_0805_2012Metric_Pad1.15x1.40mm_HandSolder","SMD","LED","~",""
"16","J1","1","Generic connector, single row, 01x02, script generated","Connector_JST:JST_EH_S2B-EH_1x02_P2.50mm_Horizontal","Through-hole","Conn_01x02_Socket","~",""
"17","M2","1","JST connectors","Connector_JST:JST_EH_S2B-EH_1x02_P2.50mm_Horizontal","Through-hole","Motor_DC","~",""
"18","M3","1","JST connectors","Connector_JST:JST_EH_S2B-EH_1x02_P2.50mm_Horizontal","Through-hole","Motor_DC","~",""
"19","M4","1","JST connectors","Connector_JST:JST_EH_S2B-EH_1x02_P2.50mm_Horizontal","Through-hole","Motor_DC","~",""
"20","M5","1","JST connectors","Connector_JST:JST_EH_S2B-EH_1x02_P2.50mm_Horizontal","Through-hole","Motor_DC","~",""
"21","P1","1","USB 2.0-only Type-C Plug connector","Connector_USB:USB_C_Receptacle_GCT_USB4085","Through-hole","USB_C_Plug_USB2.0","https://www.usb.org/sites/default/files/documents/usb_type-c.zip",""
"22","Q1","1","0.7A Ic, 20V Vce, Low Voltage High Current NPN Transistor, TO-92","Package_TO_SOT_THT:TO-92_Inline","Through-hole","S8050","http://www.unisonic.com.tw/datasheet/S8050.pdf",""
"23","Q2","1","0.7A Ic, 20V Vce, Low Voltage High Current NPN Transistor, TO-92","Package_TO_SOT_THT:TO-92_Inline","Through-hole","S8050","http://www.unisonic.com.tw/datasheet/S8050.pdf",""
"24","Q4","1","0.38A Id, 60V Vds, N-Channel MOSFET, SOT-23","Package_TO_SOT_SMD:SOT-23","SMD","SI2306","https://www.mccsemi.com/pdf/Products/SI2306(SOT-23).pdf",""
"25","Q5","1","0.38A Id, 60V Vds, N-Channel MOSFET, SOT-23","Package_TO_SOT_SMD:SOT-23","SMD","SI2306","https://www.mccsemi.com/pdf/Products/SI2306(SOT-23).pdf",""
"26","Q6","1","0.38A Id, 60V Vds, N-Channel MOSFET, SOT-23","Package_TO_SOT_SMD:SOT-23","SMD","SI2306","https://www.mccsemi.com/pdf/Products/SI2306(SOT-23).pdf",""
"27","Q7","1","0.38A Id, 60V Vds, N-Channel MOSFET, SOT-23","Package_TO_SOT_SMD:SOT-23","SMD","SI2306","https://www.mccsemi.com/pdf/Products/SI2306(SOT-23).pdf",""
"28","R1","1","Resistor","Resistor_SMD:R_0805_2012Metric","SMD","2.2k","~",""
"29","R2","1","Resistor","Resistor_SMD:R_0805_2012Metric","SMD","10k","~",""
"30","R3","1","Resistor","Resistor_SMD:R_1210_3225Metric","SMD","22k","~",""
"31","R4","1","Resistor","Resistor_SMD:R_1206_3216Metric","SMD","48k","~",""
"32","R5","1","Resistor","Resistor_SMD:R_1206_3216Metric","SMD","1k","~",""
"33","R6","1","Resistor","Resistor_SMD:R_0805_2012Metric","SMD","10k","~",""
"34","R7","1","Resistor","Resistor_SMD:R_0805_2012Metric","SMD","10k","~",""
"35","R8","1","Resistor","Resistor_SMD:R_0805_2012Metric","SMD","2.2k","~",""
"36","R9","1","Resistor","Resistor_SMD:R_0805_2012Metric","SMD","10k","~",""
"37","R10","1","Resistor","Resistor_SMD:R_0805_2012Metric","SMD","10k","~",""
"38","R11","1","Resistor","Resistor_SMD:R_0805_2012Metric","SMD","10k","~",""
"39","R12","1","Resistor","Resistor_SMD:R_0805_2012Metric","SMD","10k","~",""
"40","R13","1","Resistor","Resistor_SMD:R_0805_2012Metric","SMD","10k","~",""
"41","R14","1","Resistor","Resistor_SMD:R_0805_2012Metric","SMD","10k","~",""
"42","R15","1","Resistor","Resistor_SMD:R_0805_2012Metric","SMD","10k","~",""
"43","SW1","1","Push button switch, generic, two pins","Button_Switch_SMD:SW_SPST_B3U-1000P","SMD","SW_Push","~",""
"44","SW2","1","Push button switch, generic, two pins","Button_Switch_SMD:SW_SPST_B3U-1000P","SMD","SW_Push","~",""
"45","U1","1","RF Module, ESP32-S3 SoC, Wi-Fi 802.11b/g/n, Bluetooth, BLE, 32-bit, 3.3V, onboard antenna, SMD","RF_Module:ESP32-S3-WROOM-1","SMD","ESP32-S3-WROOM-1","https://www.espressif.com/sites/default/files/documentation/esp32-s3-wroom-1_wroom-1u_datasheet_en.pdf",""
"46","U2","1","1A Low Dropout regulator, positive, 3.3V fixed output, SOT-223","Package_TO_SOT_SMD:SOT-223-3_TabPin2","SMD","AMS1117-3.3","http://www.advanced-monolithic.com/pdf/ds1117.pdf",""
"47","U3","1","USB to UART master bridge, QFN-28","Package_DFN_QFN:QFN-28-1EP_5x5mm_P0.5mm_EP3.35x3.35mm","SMD","CP2102N-A02-GQFN28","https://www.silabs.com/documents/public/data-sheets/cp2102n-datasheet.pdf",""
"48","U4","1","InvenSense 9-Axis Motion Sensor, Accelerometer, Gyroscope, Compass, I2C/SPI","Sensor_Motion:InvenSense_QFN-24_3x3mm_P0.4mm","SMD","MPU-9250","https://invensense.tdk.com/wp-content/uploads/2015/02/PS-MPU-9250A-01-v1.1.pdf",""
"49","D2","1","75V 0.15A Fast Switching Diode, SOD-123","Diode_SMD:D_SOD-123","SMD","1N4148W","https://www.vishay.com/docs/85748/1n4148w.pdf",""
"50","D3","1","75V 0.15A Fast Switching Diode, SOD-123","Diode_SMD:D_SOD-123","SMD","1N4148W","https://www.vishay.com/docs/85748/1n4148w.pdf",""
"51","D4","1","75V 0.15A Fast Switching Diode, SOD-123","Diode_SMD:D_SOD-123","SMD","1N4148W","https://www.vishay.com/docs/85748/1n4148w.pdf",""
"52","D5","1","75V 0.15A Fast Switching Diode, SOD-123","Diode_SMD:D_SOD-123","SMD","1N4148W","https://www.vishay.com/docs/85748/1n4148w.pdf",""
