﻿pos_x,pos_y,rotation,side,designator,mpn,pack,footprint,value,mount_type,place
34.25,46.5,90.0,top,C1,,,C_0603_1608Metric,10u,smt,True
65.5,43.449669,-90.0,top,C10,,,C_0402_1005Metric,1u,smt,True
25.694544,12.205456,90.0,top,C11,,,C_0402_1005Metric,1u,smt,True
65.25,12.25,90.0,top,C12,,,C_0402_1005Metric,1u,smt,True
25.25,43.6,-90.0,top,C13,,,C_0402_1005Metric,1u,smt,True
32.5,46.5,90.0,top,C2,,,C_0603_1608Metric,0.1u,smt,True
20.5,37.0,90.0,top,C3,,,C_1210_3225Metric,22u,smt,True
33.25,33.5,90.0,top,C4,,,C_1210_3225Metric,22u,smt,True
33.25,36.5,0.0,top,C5,,,C_0402_1005Metric,1u,smt,True
43.3,18.45,180.0,top,C6,,,C_0603_1608Metric,10u,smt,True
48.55,21.95,90.0,top,C7,,,C_0603_1608Metric,0.1u,smt,True
33.25,38.0,180.0,top,C8,,,C_0603_1608Metric,0.1u,smt,True
58.0,40.25,0.0,top,C9,,,C_0603_1608Metric,0.1u,smt,True
67.5,43.5,-90.0,top,D1,,,D_SOD-123,1N4148W,smt,True
23.75,12.382233,90.0,top,D2,,,D_SOD-123,1N4148W,smt,True
67.25,12.25,90.0,top,D3,,,D_SOD-123,1N4148W,smt,True
23.25,43.5,-90.0,top,D4,,,D_SOD-123,1N4148W,smt,True
21.25,32.0,-90.0,top,D5,,,D_SOD-123,1N4148W,smt,True
27.25,45.75,-90.0,top,D6,,,LED_0805_2012Metric_Pad1.15x1.40mm_HandSolder,LED,smt,True
62.0,45.25,-90.0,top,D7,,,LED_0805_2012Metric_Pad1.15x1.40mm_HandSolder,LED,smt,True
65.55,26.25,90.0,top,J1,,,JST_XH_S2B-XH-A_1x02_P2.50mm_Horizontal,Conn_01x02_Socket,tht,True
19.0,23.75,-90.0,top,J2,,,USB_C_Receptacle_GCT_USB4105-xx-A_16P_TopMnt_Horizontal,USB_C_Receptacle_USB2.0_16P,smt,True
72.0,42.25,90.0,top,M1,,,JST_XH_S2B-XH-A_1x02_P2.50mm_Horizontal,Motor_DC,tht,True
19.45,13.5,-90.0,top,M2,,,JST_XH_S2B-XH-A_1x02_P2.50mm_Horizontal,Motor_DC,tht,True
71.5,11.0,90.0,top,M3,,,JST_XH_S2B-XH-A_1x02_P2.50mm_Horizontal,Motor_DC,tht,True
18.9,45.0,-90.0,top,M4,,,JST_XH_S2B-XH-A_1x02_P2.50mm_Horizontal,Motor_DC,tht,True
17.75,32.0,180.0,top,Q1,,,SOT-23,AO3401A,smt,True
57.5,22.5625,-90.0,top,Q3,,,SOT-23,SI2306,smt,True
37.75,22.687501,-90.0,top,Q4,,,SOT-23,SI2306,smt,True
53.0,22.5625,-90.0,top,Q5,,,SOT-23,SI2306,smt,True
33.25,22.687501,-90.0,top,Q6,,,SOT-23,SI2306,smt,True
43.25,15.4125,-90.0,top,R1,,,R_0805_2012Metric,2.2k,smt,True
27.25,41.75,-90.0,top,R10,,,R_0805_2012Metric,10k,smt,True
57.55,25.874999,0.0,top,R11,,,R_0805_2012Metric,10k,smt,True
37.75,26.0,0.0,top,R12,,,R_0805_2012Metric,10k,smt,True
53.0,25.8125,0.0,top,R13,,,R_0805_2012Metric,10k,smt,True
33.25,26.0,0.0,top,R14,,,R_0805_2012Metric,10k,smt,True
33.25,40.0,0.0,top,R2,,,R_0805_2012Metric,10k,smt,True
24.75,30.5,-90.0,top,R3,,,R_0603_1608Metric,100k,smt,True
25.0,26.75,-90.0,top,R4,,,R_0603_1608Metric,5.7k,smt,True
25.0,20.5,90.0,top,R5,,,R_0603_1608Metric,5.7k,smt,True
57.5,45.75,180.0,top,R7,,,R_0805_2012Metric,10k,smt,True
45.5,15.5,-90.0,top,R8,,,R_0805_2012Metric,2.2k,smt,True
33.0,43.0,0.0,top,SW1,,,SW_SPST_B3U-1000P,SW_Push,smt,True
58.0,43.0,180.0,top,SW2,,,SW_SPST_B3U-1000P,SW_Push,smt,True
45.5,42.0,0.0,top,U1,,,ESP32-S3-WROOM-1,ESP32-S3-WROOM-1,smt,True
26.85,36.0,0.0,top,U2,,,SOT-223-3_TabPin2,AMS1117-3.3,smt,True
45.05,22.0,0.0,top,U4,,,InvenSense_QFN-24_4x4mm_P0.5mm,MPU-6050,smt,True
