﻿Designator,Quantity,Value,Footprint,Package,MPN,DNP,Mount_Type,Description,Type,Sim.Device,Sim.Pins
"C1, C6",2,10u,C_0603_1608Metric,,,,smt,Unpolarized capacitor,SMD,,
"C10, C11, C12, C13, C5",5,1u,C_0402_1005Metric,,,,smt,Unpolarized capacitor,SMD,,
"C2, C7, C8, C9",4,0.1u,C_0603_1608Metric,,,,smt,Unpolarized capacitor,SMD,,
"C3, C4",2,22u,C_1210_3225Metric,,,,smt,Unpolarized capacitor,SMD,,
"D1, D2, D3, D4, D5",5,1N4148W,D_SOD-123,,,,smt,"75V 0.15A Fast Switching Diode, SOD-123",SMD,D,1=K 2=A
"D6, D7",2,LED,LED_0805_2012Metric_Pad1.15x1.40mm_HandSolder,,,,smt,Light emitting diode,SMD,,
J1,1,Conn_01x02_Socket,JST_XH_S2B-XH-A_1x02_P2.50mm_Horizontal,,,,tht,"Generic connector, single row, 01x02, script generated",Through-hole,,
J2,1,USB_C_Receptacle_USB2.0_16P,USB_C_Receptacle_GCT_USB4105-xx-A_16P_TopMnt_Horizontal,,,,smt,USB 2.0-only 16P Type-C Receptacle connector,,,
"M1, M2, M3, M4",4,Motor_DC,JST_XH_S2B-XH-A_1x02_P2.50mm_Horizontal,,,,tht,JST connectors,Through-hole,,
Q1,1,AO3401A,SOT-23,,,,smt,"-4.0A Id, -30V Vds, P-Channel MOSFET, SOT-23",,,
"Q3, Q4, Q5, Q6",4,SI2306,SOT-23,,,,smt,"0.38A Id, 60V Vds, N-Channel MOSFET, SOT-23",SMD,,
"R1, R8",2,2.2k,R_0805_2012Metric,,,,smt,Resistor,SMD,,
"R10, R11, R12, R13, R14, R2, R7",7,10k,R_0805_2012Metric,,,,smt,Resistor,SMD,,
R3,1,100k,R_0603_1608Metric,,,,smt,Resistor,,,
"R4, R5",2,5.7k,R_0603_1608Metric,,,,smt,Resistor,SMD,,
"SW1, SW2",2,SW_Push,SW_SPST_B3U-1000P,,,,smt,"Push button switch, generic, two pins",SMD,,
U1,1,ESP32-S3-WROOM-1,ESP32-S3-WROOM-1,,,,smt,"RF Module, ESP32-S3 SoC, Wi-Fi 802.11b/g/n, Bluetooth, BLE, 32-bit, 3.3V, onboard antenna, SMD",SMD,,
U2,1,AMS1117-3.3,SOT-223-3_TabPin2,,,,smt,"1A Low Dropout regulator, positive, 3.3V fixed output, SOT-223",SMD,,
U4,1,MPU-6050,InvenSense_QFN-24_4x4mm_P0.5mm,,,,smt,"InvenSense 6-Axis Motion Sensor, Gyroscope, Accelerometer, I2C",,,
